{
  "temp_r2": 0.9579144736414897,
  "hi_r2": 0.9085526284570032,
  "trained_at": "2026-07-09T12:07:59.456152",
  "districts": 30,
  "records": 21900
}